Pod_Name,1553712033.15,1553712038.15,1553712043.15,1553712048.15,1553712053.15,1553712058.15,1553712063.15,1553712068.15,1553712073.15,1553712078.15,1553712083.15,1553712088.15,1553712093.15,1553712098.15,1553712103.15,1553712108.15,1553712113.15,1553712118.15,1553712123.15,1553712128.15,1553712133.15,1553712138.15,1553712143.15,1553712148.15,1553712153.15,1553712158.15,1553712163.15,1553712168.15,1553712173.15,1553712178.15,1553712183.15,1553712188.15,1553712193.15,1553712198.15,1553712203.15,1553712208.15,1553712213.15,1553712218.15,1553712223.15,1553712228.15,1553712233.15,1553712238.15,1553712243.15,1553712248.15,1553712253.15,1553712258.15,1553712263.15,1553712268.15,1553712273.15,1553712278.15,1553712283.15,1553712288.15,1553712293.15,1553712298.15,1553712303.15,1553712308.15,1553712313.15,1553712318.15,1553712323.15,1553712328.15,1553712333.15
cart-db44db4b9-q54pf,,,,,,,,,,,,,,,,,,,,,,,,,,,,,,,,,,,,,,,,,,,,,,,,,,,,,,,,,,,,,
catalogue-f4f7886b-t5drm,,,,,,,,,,,,,,,,,,,,,,,,,,,,,,,,,,,,,,,,,,,,,,,,,,,,,,,,,,,,,
dispatch-566f964cbd-xrsjf,,,,,,,,,,,,,,,,,,,,,,,,,,,,,,,,,,,,,,,,,,,,,,,,,,,,,,,,,,,,,
mongodb-6b45dd6dcc-rng5p,409600,409600,409600,409600,409600,409600,409600,409600,409600,409600,409600,409600,409600,409600,409600,409600,409600,409600,409600,409600,409600,409600,409600,409600,409600,409600,409600,409600,409600,409600,409600,409600,409600,409600,409600,409600,409600,409600,409600,409600,409600,409600,409600,409600,409600,409600,409600,409600,409600,409600,409600,409600,409600,409600,409600,409600,409600,409600,409600,409600,409600
mysql-7dd8588fb5-qz6fv,0,0,0,0,0,0,0,0,0,0,0,0,0,0,0,0,0,0,0,0,0,0,0,0,0,0,0,0,0,0,0,0,0,0,0,0,0,0,0,0,0,0,0,0,0,0,0,0,0,0,0,0,0,0,0,0,0,0,0,0,0
payment-689b48b7d9-6785z,,,,,,,,,,,,,,,,,,,,,,,,,,,,,,,,,,,,,,,,,,,,,,,,,,,,,,,,,,,,,
rabbitmq-b4c48cb79-cdmdl,0,0,0,0,0,0,0,0,0,0,0,0,0,0,0,0,0,0,0,0,0,0,0,0,0,0,0,0,0,0,0,0,0,0,0,0,0,0,0,0,0,0,0,0,0,0,0,0,0,0,0,0,0,0,0,0,0,0,0,0,0
ratings-6bbf8c588d-7qkhh,,,,,,,,,,,,,,,,,,,,,,,,,,,,,,,,,,,,,,,,,,,,,,,,,,,,,,,,,,,,,
redis-7fbd75b76d-krskv,,,,,,,,,,,,,,,,,,,,,,,,,,,,,,,,,,,,,,,,,,,,,,,,,,,,,,,,,,,,,
shipping-bd5b4b46f-n984m,,,,,,,,,,,,,,,,,,,,,,,,,,,,,,,,,,,,,,,,,,,,,,,,,,,,,,,,,,,,,
user-69d787d68b-l8rmg,,,,,,,,,,,,,,,,,,,,,,,,,,,,,,,,,,,,,,,,,,,,,,,,,,,,,,,,,,,,,
web-6f7c94568-h49r4,0,0,0,0,0,0,0,0,0,0,0,0,0,0,0,0,0,0,0,0,0,0,0,0,0,0,0,0,0,0,0,0,0,0,0,0,0,0,0,0,0,0,0,0,0,0,0,0,0,0,0,0,0,0,0,0,0,0,0,0,0
